﻿{"cameraMode":{"drawMode":0,"name":"Shaded","section":"Shading Mode"},"sceneLighting":false,"audioPlay":false,"sceneViewState":{"m_AlwaysRefresh":false,"showFog":true,"showSkybox":false,"showFlares":true,"showImageEffects":true,"showParticleSystems":true,"showVisualEffectGraphs":true,"m_FxEnabled":true},"in2DMode":false,"pivot":{"x":-3.7259998321533205,"y":0.5769999623298645,"z":0.07100000977516175},"rotation":{"x":-0.13781557977199555,"y":-0.02763230912387371,"z":0.003846723586320877,"w":-0.9900645613670349},"size":1.1118754148483277,"orthographic":false}